Id,Title,URL,image,StartTime,EndTime,Void,Description
1,التنمر,WYSGB5xDJ0s,1.png,0:12,6:57,0,سالم طالب حديد في المدرسة، تعرض للتنمر من الطلاب فماذا حصل معه فيما بعد ؟
2,"الشجاعة ",gTsPitiKwTA,2.png,0:06,9:09,0,ظن الاطفال في المدرسة بأن هناك وحش مخيف بالغابة، ولكن آدم تصرف بشجاعة، كيف ذلك !
3,القطرة ليلى,2Z_oA7H8TD4,3.png,0:12,6:36,0,سقطت قطرة الماء ليلى على الارض بفصل الشتاء وعندما حل فصل الصيف صعدت للسماذ مجددا، ماذا حدث معها ؟
4,"القرد الكذاب ",2zEcWG21-b8,4.png,0:00,5:25,0,ميمون قرد اعتاد على الكذب على الحيوانات، في النهاية لم تعد تصدقه، فماذا حصل معه !
5,الضفدع و حشرة الأمنيات,O-9D3wJh5ds,5.png,0:12,8:02,0,بينما الضفدع ينام بالغابة زارته حشرة الأمنيات، فعد لها امنياته ونفذتها له، ماذا كانت الأمنيات ؟
6,"السلاحف الشجاعة ",3D027US681w,6.png,0:08,8:00,0,بينما سخرت الحيوانات من السلاحف الثلاثة على سيرهن ببطأ، هبت عاصفة وساعدت السلاحف الحيوانات، كيف ذلك !
7,"الغولة لولو ",Nh3IrW7YHsA,7.png,0:13,4:11,0,احد المزارعين شاهد الطفلة لولو في الغابة ضائعة لوحدها، فأخذها للبيت وساعدها، أين امها ! وماذا حدث بعد ؟
8,"لولو السمكة ",Dovund2Rt-E,8.png,0:10,5:22,0,اصطاد القط بسبوس السمكة لوو، فقررت الملعقة مساعدتها فماذا فعلت !
9,"سوء ظن الغراب ",kIOwUzowhWc,9.png,0:10,6:14,0,أصيب الفأر بمرض لم يقدر منه ع الحراك، فأعد السنجاب له الحساء فشاهده الغراب من النافذة وظن انه وضع له السم، كيف تم اكتشاف الحقيقة !
10,النحلة المشاكسة,OrfpjMPj8B0,10.png,0:15,3:55,0,اسيل نحلة تحب جمع العسل كثيرا في بيتها، ولكن دائما كان هناك من يسكبه لها ويفسده، فمن كان ذلك وماذا فعلت !
11,ثعلوب ونقار الخشب,UybrvTnc8Rc,11.png,0:04,4:34,0,يعاني نقار الخشب من قِدم بيته وتكسره من عواصف الشتاء، فلجأ لثعلوب كي يجد له حل، فما هو الحل
12,"الثعلب المزارع ",V59Tu07QG3o,12.png,0:08,4:58,0,ميمون قرد يحب الأناناس كثيرا فأراد ان يدفنه ليخزنه، فرآه ثعلوب ماذا قال له !
13,الثعلب والكاميرا السحرية,_8FVtIr25Io,13.png,"0:10 ",5:38,0,يمتلك التنين جامح موهبة في التصوير بكاميرته الخاصة، وتم ترشيحه لتصوير حفل عيد ميلاد الملك، لكن ماذا حدث في صباح يوم الحفل ؟
14,الأسد والمايكروفون,1WZHhJlzNuo,14.png,0:05,6:03,0,كان الملك سبع يعاني من الوصل لجميع الحيوانات في الغابة بعد ان اصبحت كثيرة، فاستدعى الاستاذ ثعلوب لايجاد حل له، فماذا كان الحل ؟
15,الشرطي الذكي,6K-oD8LGWjk,15.png,0:08,4.55,0,نور وروان اخوة يلعبون سويا، واثناء لعبهم في الغابة بدور الشرطة بالجهاز اللاسلكي تعطل جهاز روان، فكيف تمكنا من حل المشكلة ؟
